"first_name","last_name","maiden_name","age","gender","email","phone","username","password","birth_date","image","blood_group","height","weight","eye_color","hair__hair_color","hair__hair_type","ip","address__address_line","address__city","address__state","address__state_code","address__postal_code","address__coordinate__latitude","address__coordinate__longitude","address__country","company__department","company__name","company__title","company__address__address_line","company__address__city","company__address__state","company__address__state_code","company__address__postal_code","company__address__coordinate__latitude","company__address__coordinate__longitude","company__address__country"
"Emily","Johnson","Smith","29","female","emily.johnson@x.dummyjson.com","+81 965-431-3024","emilys","emilyspass","1996-5-30","https://dummyjson.com/icon/emilys/128","O-","193.24","63.16","Green","Brown","Curly","42.48.100.32","626 Main Street","Phoenix","Mississippi","MS","29112","-77.16213","-92.084824","United States","Engineering","Dooley, Kozey and Cronin","Sales Manager","263 Tenth Street","San Francisco","Wisconsin","WI","37657","71.814525","-161.150263","United States"
"Michael","Williams","","36","male","michael.williams@x.dummyjson.com","+49 258-627-6644","michaelw","michaelwpass","1989-8-10","https://dummyjson.com/icon/michaelw/128","B+","186.22","76.32","Red","Green","Straight","12.13.116.142","385 Fifth Street","Houston","Alabama","AL","38807","22.815468","115.608581","United States","Support","Spinka - Dickinson","Support Specialist","395 Main Street","Los Angeles","New Hampshire","NH","73442","79.098326","-119.624845","United States"
"Sophia","Brown","","43","female","sophia.brown@x.dummyjson.com","+81 210-652-2785","sophiab","sophiabpass","1982-11-6","https://dummyjson.com/icon/sophiab/128","O-","177.72","52.6","Hazel","White","Wavy","214.225.51.195","1642 Ninth Street","Washington","Alabama","AL","32822","45.289366","46.832664","United States","Research and Development","Schiller - Zieme","Accountant","1896 Washington Street","Dallas","Nevada","NV","88511","20.086743","-34.577107","United States"
"James","Davis","","46","male","james.davis@x.dummyjson.com","+49 614-958-9364","jamesd","jamesdpass","1979-5-4","https://dummyjson.com/icon/jamesd/128","AB+","193.31","62.1","Amber","Blonde","Straight","101.118.131.66","238 Jefferson Street","Seattle","Pennsylvania","PA","68354","16.782513","-139.34723","United States","Support","Pagac and Sons","Research Analyst","1622 Lincoln Street","Fort Worth","Pennsylvania","PA","27768","54.91193","-79.498328","United States"
"Emma","Miller","Johnson","31","female","emma.miller@x.dummyjson.com","+91 759-776-1614","emmaj","emmajpass","1994-6-13","https://dummyjson.com/icon/emmaj/128","AB-","192.8","63.62","Green","White","Straight","224.126.22.183","607 Fourth Street","Jacksonville","Colorado","CO","26593","0.505589","-157.43281","United States","Human Resources","Graham - Gulgowski","Quality Assurance Engineer","1460 Sixth Street","San Antonio","Idaho","ID","21965","44.346545","-26.944701","United States"
"Olivia","Wilson","","23","female","olivia.wilson@x.dummyjson.com","+91 607-295-6448","oliviaw","oliviawpass","2002-4-20","https://dummyjson.com/icon/oliviaw/128","B+","182.61","58.0","Hazel","Gray","Curly","249.178.112.207","547 First Street","Fort Worth","Tennessee","TN","83843","75.32627","-26.15285","United States","Product Management","Pfannerstill Inc","Research Analyst","425 Sixth Street","Indianapolis","Oklahoma","OK","74263","74.986644","-132.916888","United States"
"Alexander","Jones","","39","male","alexander.jones@x.dummyjson.com","+61 260-824-4986","alexanderj","alexanderjpass","1986-10-20","https://dummyjson.com/icon/alexanderj/128","AB-","153.89","77.42","Blue","White","Straight","166.204.84.32","664 Maple Street","Indianapolis","Delaware","DE","86684","35.289664","7.063255","United States","Engineering","Dickens - Beahan","Web Developer","996 Eighth Street","Washington","Kansas","KS","27858","-75.462366","-128.025697","United States"
"Ava","Taylor","","28","female","ava.taylor@x.dummyjson.com","+1 458-853-7877","avat","avatpass","1997-8-25","https://dummyjson.com/icon/avat/128","AB-","168.47","57.08","Hazel","Red","Kinky","150.73.197.233","1197 First Street","Fort Worth","Rhode Island","RI","24771","-81.194833","-87.948158","United States","Marketing","Nikolaus Inc","Chief Executive Officer","930 Lincoln Street","Austin","Colorado","CO","47592","87.970083","-42.769351","United States"
"Ethan","Martinez","","34","male","ethan.martinez@x.dummyjson.com","+92 933-608-5081","ethanm","ethanmpass","1991-2-12","https://dummyjson.com/icon/ethanm/128","AB+","159.19","68.81","Hazel","Purple","Curly","63.191.127.71","466 Pine Street","San Antonio","Louisiana","LA","72360","74.074918","-25.312703","United States","Support","Gorczany - Gottlieb","Legal Counsel","1597 Oak Street","Chicago","Florida","FL","28100","-67.45208","-23.209886","United States"
"Isabella","Anderson","Davis","32","female","isabella.anderson@x.dummyjson.com","+49 770-658-4885","isabellad","isabelladpass","1993-6-10","https://dummyjson.com/icon/isabellad/128","A-","150.56","50.1","Brown","Blonde","Curly","114.9.114.205","1964 Oak Street","New York","Utah","UT","89352","41.331324","151.782727","United States","Marketing","Pollich - Hilpert","Chief Financial Officer","1029 Adams Street","San Diego","Maryland","MD","63847","-25.843393","-62.692681","United States"
"Liam","Garcia","","30","male","liam.garcia@x.dummyjson.com","+92 870-217-6201","liamg","liamgpass","1995-6-6","https://dummyjson.com/icon/liamg/128","AB-","162.32","93.16","Violet","Red","Wavy","56.201.85.9","576 Fifth Street","Denver","South Dakota","SD","57252","-66.218177","-145.340165","United States","Services","Considine - Torp","Web Developer","27 Cedar Street","Philadelphia","Connecticut","CT","79574","-81.841588","31.79423","United States"
"Mia","Rodriguez","","25","female","mia.rodriguez@x.dummyjson.com","+49 989-461-8403","miar","miarpass","2000-8-4","https://dummyjson.com/icon/miar/128","O-","188.08","56.03","Blue","Purple","Wavy","11.72.253.90","1627 Sixth Street","Jacksonville","West Virginia","WV","41810","24.857497","-34.865429","United States","Accounting","Miller, Schowalter and Wisozk","Business Analyst","1039 Washington Street","Philadelphia","New Jersey","NJ","57518","85.455933","164.246103","United States"
"Noah","Hernandez","","41","male","noah.hernandez@x.dummyjson.com","+49 393-605-6968","noahh","noahhpass","1984-6-5","https://dummyjson.com/icon/noahh/128","AB+","188.62","69.49","Brown","Red","Curly","169.154.126.57","1413 Maple Street","New York","North Dakota","ND","73696","-25.0377","-151.70469","United States","Engineering","Botsford, Marquardt and Roberts","Database Administrator","62 Third Street","Seattle","Oregon","OR","83474","19.490447","-13.173207","United States"
"Charlotte","Lopez","Martinez","37","female","charlotte.lopez@x.dummyjson.com","+44 373-953-5028","charlottem","charlottempass","1988-6-8","https://dummyjson.com/icon/charlottem/128","AB-","178.92","82.46","Brown","Gray","Kinky","119.103.95.60","208 Second Street","Columbus","Ohio","OH","42044","-44.443762","-151.420561","United States","Accounting","Zulauf and Sons","Chief Executive Officer","569 Jefferson Street","Los Angeles","Montana","MT","17779","-18.371256","22.566258","United States"
"William","Gonzalez","","33","male","william.gonzalez@x.dummyjson.com","+81 905-252-7319","williamg","williamgpass","1992-3-27","https://dummyjson.com/icon/williamg/128","B-","173.21","82.41","Hazel","Gray","Curly","250.2.241.204","31 Maple Street","San Jose","Utah","UT","78243","8.152876","113.29799","United States","Marketing","Spinka - Dickinson","Software Architect","1538 Eighth Street","San Jose","Missouri","MO","29673","24.169361","-29.395167","United States"
"Avery","Perez","","26","female","avery.perez@x.dummyjson.com","+61 731-431-3457","averyp","averyppass","1999-3-10","https://dummyjson.com/icon/averyp/128","O-","172.68","93.9","Brown","Green","Curly","131.217.4.214","1125 First Street","Columbus","Iowa","IA","30973","12.789127","85.792598","United States","Accounting","Herzog Inc","Database Administrator","183 Maple Street","New York","Rhode Island","RI","45238","-53.318189","105.835271","United States"
"Evelyn","Sanchez","","38","female","evelyn.sanchez@x.dummyjson.com","+1 623-880-6871","evelyns","evelynspass","1987-10-13","https://dummyjson.com/icon/evelyns/128","B+","184.08","83.15","Violet","Blue","Curly","87.114.135.146","1170 Lincoln Street","San Diego","Wyoming","WY","43423","-83.31484","11.768071","United States","Support","Predovic - Johns","Chief Financial Officer","1802 Ninth Street","San Diego","Minnesota","MN","89416","29.034592","-78.004598","United States"
"Logan","Torres","","32","male","logan.torres@x.dummyjson.com","+81 507-434-8733","logant","logantpass","1993-10-26","https://dummyjson.com/icon/logant/128","A+","190.04","72.43","Green","Green","Curly","155.98.15.162","907 Seventh Street","Columbus","Arkansas","AR","78805","-64.846516","174.775744","United States","Training","Jast - Nader","Data Analyst","947 Main Street","Denver","Minnesota","MN","71896","-24.654063","-147.255268","United States"
"Abigail","Rivera","","29","female","abigail.rivera@x.dummyjson.com","+91 228-363-7806","abigailr","abigailrpass","1996-10-11","https://dummyjson.com/icon/abigailr/128","B+","186.39","74.61","Violet","Blue","Kinky","19.183.240.94","996 Oak Street","Chicago","New Mexico","NM","11407","44.321308","-3.723903","United States","Human Resources","Prohaska - Thiel","Business Analyst","1402 Adams Street","Austin","Wisconsin","WI","51456","25.672938","-76.54967","United States"
"Jackson","Evans","","35","male","jackson.evans@x.dummyjson.com","+44 468-628-6686","jacksone","jacksonepass","1990-11-30","https://dummyjson.com/icon/jacksone/128","O-","162.57","74.37","Green","Red","Straight","221.127.144.198","1873 Main Street","New York","Arkansas","AR","26600","34.722451","63.448927","United States","Legal","Kuhlman LLC","Web Developer","1706 First Street","Chicago","Hawaii","HI","34725","-80.416937","-83.224516","United States"
"Madison","Collins","","27","female","madison.collins@x.dummyjson.com","+81 259-957-5711","madisonc","madisoncpass","1998-3-7","https://dummyjson.com/icon/madisonc/128","B-","189.28","56.96","Red","Gray","Curly","85.34.1.204","1892 Lincoln Street","Philadelphia","New Jersey","NJ","62091","52.993694","160.486892","United States","Engineering","Mayer - Smitham","Chief Technology Officer","1438 Main Street","San Diego","Delaware","DE","63144","1.629613","23.232982","United States"
"Elijah","Stewart","","34","male","elijah.stewart@x.dummyjson.com","+44 468-357-7872","elijahs","elijahspass","1991-10-22","https://dummyjson.com/icon/elijahs/128","A-","195.33","81.64","Blue","Purple","Straight","23.87.135.62","1701 Eighth Street","Columbus","Illinois","IL","31585","-54.833799","-174.504027","United States","Legal","Langworth Group","Business Analyst","155 Ninth Street","Washington","South Dakota","SD","19039","61.279254","-12.607767","United States"
"Chloe","Morales","","40","female","chloe.morales@x.dummyjson.com","+92 468-541-7133","chloem","chloempass","1985-4-21","https://dummyjson.com/icon/chloem/128","O+","185.07","63.97","Brown","Red","Kinky","66.78.20.21","401 Fourth Street","Dallas","New Jersey","NJ","54972","-30.190759","-58.705979","United States","Sales","Grady LLC","Database Administrator","269 Third Street","Houston","North Carolina","NC","10385","40.098115","-1.762972","United States"
"Mateo","Nguyen","","31","male","mateo.nguyen@x.dummyjson.com","+1 341-597-6694","mateon","mateonpass","1994-6-2","https://dummyjson.com/icon/mateon/128","O+","174.29","59.98","Red","Purple","Wavy","192.57.144.7","1578 Fourth Street","Columbus","Missouri","MO","20673","-32.828675","-82.557354","United States","Accounting","Spinka LLC","Business Analyst","1967 Jefferson Street","Dallas","Louisiana","LA","78527","75.982676","164.459743","United States"
"Harper","Kelly","Evans","28","female","harper.kelly@x.dummyjson.com","+92 518-863-2863","harpere","harperepass","1997-3-3","https://dummyjson.com/icon/harpere/128","AB-","184.32","81.69","Amber","Red","Curly","174.111.61.162","1591 Adams Street","Philadelphia","New York","NY","69521","-26.832913","-75.445017","United States","Legal","Leffler, Rolfson and Becker","Business Development Manager","16 Maple Street","Austin","North Carolina","NC","68274","-15.423746","149.298887","United States"
"Evelyn","Gonzalez","","36","female","evelyn.gonzalez@x.dummyjson.com","+61 708-508-4638","evelyng","evelyngpass","1989-2-5","https://dummyjson.com/icon/evelyng/128","O+","168.94","58.47","Red","Black","Wavy","42.52.74.232","1065 Lincoln Street","Dallas","Maine","ME","84898","67.768359","71.268643","United States","Accounting","Tromp, Gaylord and Weber","Project Manager","584 Ninth Street","Jacksonville","Wisconsin","WI","45633","26.014021","40.572436","United States"
"Daniel","Cook","","42","male","daniel.cook@x.dummyjson.com","+44 254-761-6843","danielc","danielcpass","1983-12-25","https://dummyjson.com/icon/danielc/128","AB+","186.21","83.72","Brown","Blonde","Curly","1.61.73.142","1163 Pine Street","Los Angeles","Nevada","NV","58781","-3.456681","-134.937482","United States","Support","Morissette, Baumbach and Auer","Legal Counsel","938 Fifth Street","San Francisco","South Dakota","SD","45305","21.323588","-83.531427","United States"
"Lily","Lee","Brown","30","female","lily.lee@x.dummyjson.com","+1 808-757-9867","lilyb","lilybpass","1995-12-3","https://dummyjson.com/icon/lilyb/128","AB-","181.42","51.49","Gray","Purple","Straight","67.184.255.96","1946 Oak Street","Phoenix","Massachusetts","MA","41540","-9.87059","-72.336845","United States","Product Management","Cremin Inc","Quality Assurance Engineer","1735 Cedar Street","Phoenix","Wyoming","WY","85797","72.231441","-158.147245","United States"
"Henry","Hill","","39","male","henry.hill@x.dummyjson.com","+1 240-833-4680","henryh","henryhpass","1986-8-19","https://dummyjson.com/icon/henryh/128","O-","180.25","95.84","Gray","Black","Straight","194.43.55.202","1837 Maple Street","Indianapolis","Delaware","DE","81783","35.498256","154.088476","United States","Services","Gerlach, Funk and Schoen","Sales Manager","1651 Lincoln Street","San Francisco","West Virginia","WV","61805","-59.936335","-12.405368","United States"
"Addison","Wright","","33","female","addison.wright@x.dummyjson.com","+1 514-384-3300","addisonw","addisonwpass","1992-1-3","https://dummyjson.com/icon/addisonw/128","B+","179.32","76.93","Brown","Blonde","Straight","11.35.69.81","568 Tenth Street","San Francisco","Montana","MT","54698","20.946052","100.228822","United States","Services","Kreiger Inc","Human Resources Manager","1173 Eighth Street","San Diego","Michigan","MI","85777","65.324413","87.142893","United States"
